1, 15, et et omnis et molestiae, Id et totam et totam iusto ea suscipit perspiciatis. Sed quia vel est tempore qui a praesentium. Cumque autem assumenda nihil nisi est omnis. Et aut id soluta quo eaque asperiores inventore. Labore assumenda et vitae perspiciatis facilis.
2, 1, earum voluptatibus eum earum voluptatum, Voluptatibus odio dolor delectus officia odit dolorem nihil. Rerum rerum qui aut molestiae dignissimos voluptas. Temporibus sapiente ipsa explicabo. Corporis voluptate est aliquid. Dignissimos harum iste nostrum.
3, 10, ab adipisci et est est, Harum tenetur doloremque est vel animi qui rerum voluptas. Consequatur illum commodi architecto sapiente doloremque. Ea nesciunt asperiores quaerat consequatur. Sit blanditiis sapiente harum. Iure ad molestias totam amet vel veniam soluta minima.
4, 16, saepe odio eum quidem distinctio, Blanditiis animi vitae molestiae. Assumenda fuga harum praesentium assumenda nostrum inventore minima. Exercitationem sint suscipit et voluptas qui. Veritatis fugiat minima odio. Qui doloribus iste laboriosam aperiam laudantium.
5, 2, accusantium ut repellat nulla iste, Dignissimos quaerat dignissimos error exercitationem commodi harum architecto et. Rerum ut qui corrupti occaecati tempora quia magnam ullam. Asperiores iure sit dolorem sint repudiandae. Cumque architecto dolore et. Quia voluptate et tempore qui aut magnam sed facere.
6, 7, sit non atque sed enim, Nihil quis corporis voluptatem. Veritatis quam nam voluptatem. Et repellendus reiciendis repellat sapiente laborum nam. Non enim vero iste voluptates et. Adipisci blanditiis consequatur eius temporibus laboriosam aut error.
7, 3, et est omnis suscipit optio, Ipsum sapiente eveniet fugit officiis et in. Non perspiciatis ut numquam. Qui id et beatae in molestias error. Harum minus rerum reiciendis. Id esse qui repellat ratione.
8, 2, quis quisquam provident nisi tempore, Praesentium consequatur in pariatur incidunt fuga. Eum vitae sed quidem ducimus ad quod qui. Rerum debitis nulla corporis sed est dolorem autem. Numquam est maiores et eum ut accusamus. Cum adipisci dolor illum.
9, 4, temporibus odit atque perferendis suscipit, Consequatur explicabo ipsam et fuga culpa. Sunt earum eos perferendis. Libero ut quasi omnis ut natus et nostrum. Quia laborum maiores incidunt. Odit quas maxime veniam provident distinctio veritatis et quia.
10, 9, cum nihil mollitia aut dicta, Exercitationem sint ea ut vel. Rerum iure amet numquam adipisci nobis possimus labore ab. Exercitationem dolores et inventore esse at. Sed molestiae optio perferendis eum omnis alias quod. Id et officiis consequatur dolorem.
11, 6, eligendi similique distinctio ut sit, Porro neque alias modi sit quasi. Placeat nulla qui ut nulla molestiae odit nihil et. Laudantium minus quo magni adipisci reiciendis inventore pariatur. Architecto occaecati molestiae et adipisci atque. Fuga et sed impedit qui sint corrupti velit vitae.
12, 3, ut ullam rem accusantium cupiditate, Dignissimos quis ullam facilis eum modi consequatur consequatur itaque. Impedit dolorem voluptatibus ipsam ea blanditiis beatae eum laborum. Reprehenderit molestiae minus sed reiciendis omnis. Est numquam sed id omnis et labore. Velit distinctio praesentium adipisci sunt earum ullam.
13, 12, eos placeat fuga distinctio quasi, Incidunt sint quos magni aut possimus sint. Facilis at dolor tempore sint sint. Dolor quia voluptates facilis officia voluptates praesentium delectus aut. Minima qui ea natus rerum fuga quia. Doloremque quidem possimus dolor autem omnis error quisquam.
14, 10, necessitatibus quia mollitia et facere, Aut ad dolorem dicta. Ut ullam vel laudantium et adipisci et nemo. Ipsa eligendi est harum odit vero. Et beatae sunt id. Eveniet odio et asperiores facere.
15, 1, nulla tempore molestiae molestias iure, At quia debitis expedita. Enim laudantium nulla sit labore. Aut sequi nobis exercitationem quidem quasi deleniti dolorem. Magnam asperiores dolorem consequatur. Sapiente quibusdam et vel ipsum minima.
16, 14, distinctio odit perferendis ipsum nihil, Vel perferendis similique id. Rerum eius quae ducimus. Vel officiis vel consectetur dolorum. Dolor maxime ea rem. Et odit atque numquam eos expedita est illum.
17, 5, repellat possimus laboriosam porro sit, Fugit maxime sit earum consequatur et totam reprehenderit magnam. Consectetur maiores maxime eos sit. Sit corrupti velit quo aut corporis. Non laboriosam quia alias similique rem dolorum porro et. Dignissimos reprehenderit et odit illum eos dolores cupiditate qui.
18, 4, at quis officia molestias soluta, Sequi quia voluptas et perferendis corporis. Culpa id vel esse. Voluptatibus quibusdam laboriosam in excepturi similique fugiat. Vel quia qui ut tenetur qui quia eum. Est occaecati consectetur explicabo neque.
19, 9, assumenda vel cumque quis mollitia, Architecto ut esse dignissimos est ut voluptas eum. Omnis itaque quo eos aut nemo voluptates unde. Hic ratione repellat dolores aliquam. Optio sint ex dolorum enim nostrum quasi est. Tempora assumenda voluptatem sed est aperiam voluptas.
20, 6, optio debitis adipisci accusantium autem, In aut ut et hic eveniet. Dolor quo non perferendis optio provident excepturi et. Magnam quod ratione aut facilis animi. Similique maxime et atque reprehenderit sunt sit eligendi dolorem. Doloribus quae aperiam sapiente neque eum.
21, 15, qui temporibus quisquam eos quia, Eos facere est consequatur temporibus et culpa. Qui omnis ut dolorem doloribus et esse dolores distinctio. Maxime quo nemo qui debitis voluptates. Sint fuga error amet quod sit id explicabo. Nihil tempore iste ex quo voluptate ea quo et.
22, 4, possimus soluta iure ut quo, Consequatur et eaque quis consequuntur qui. Porro sed et aliquid. Est rerum beatae natus praesentium. Rerum omnis consequatur nihil repudiandae quas eos dolorem et. Tenetur numquam eum maxime dolorem iure.
23, 17, ad asperiores totam exercitationem aliquam, Dolore error quae dolores. Enim rerum quidem possimus. Eum explicabo earum totam voluptatem sunt. Deserunt ex aut exercitationem. Velit quia error ullam veritatis laboriosam repellat.
24, 13, eius quo neque nihil quia, Enim at doloribus nobis. Veniam aliquid aspernatur qui. Sed ullam fuga soluta qui quibusdam quia voluptas. Facilis eius esse voluptas aliquid. Fuga amet inventore velit.
25, 3, accusamus autem cupiditate iure esse, Explicabo ex eum ut officiis nihil. Odio sed quia nihil alias omnis consequatur. Est voluptas cum suscipit nostrum quos. Et omnis at ab nam quidem sed. Doloremque qui ratione rerum.
26, 2, ut saepe dignissimos autem impedit, Voluptas deserunt et non voluptas alias soluta et. Qui mollitia dignissimos temporibus ducimus. Aut dolore optio dolorem ut voluptatem non veritatis. Et enim aut neque pariatur dolores quidem. At molestiae vel quod quae dolor ullam aspernatur.
27, 8, earum quo et dolorem iusto, Nemo quia repellendus magnam quia sint enim. Amet adipisci nobis a autem dolore id. Velit ea et consectetur praesentium exercitationem quo. Perferendis aut et totam asperiores quos quaerat veritatis ut. Quas earum est voluptas aut aliquid qui.
28, 14, delectus sint qui velit facere, Inventore maiores numquam numquam molestias. Nostrum minima enim quae eveniet voluptatem. Adipisci sunt est dolorem quam hic. Quo dignissimos minus cumque. Qui corrupti sint perspiciatis soluta cum consequatur incidunt.
29, 16, sed in incidunt ratione iusto, Ut et et sequi animi. Necessitatibus voluptates asperiores quia quam vitae. Sequi a impedit laboriosam. Alias itaque exercitationem deleniti. Ut corporis quis explicabo ratione explicabo.
30, 3, mollitia deleniti eligendi voluptatem cumque, Voluptas voluptatem dolore ipsa rerum illo nemo corporis sunt. Dolorem doloremque vel dolorem ea et. Minus voluptas adipisci perferendis velit accusantium voluptate esse nihil. Veritatis et sunt consectetur fuga voluptatem optio laudantium qui. Ut velit labore mollitia.
31, 10, vero voluptatem sunt dolorem suscipit, Nisi ipsa culpa nobis autem tenetur et voluptates. Sunt est error voluptatum quod laborum ullam et. Animi expedita ut soluta est consequatur ut vel deleniti. Molestiae commodi occaecati qui illum blanditiis quas omnis. Deserunt delectus tenetur magni doloremque neque aut dignissimos.
32, 18, non qui nemo suscipit nihil, Vitae pariatur ut ad omnis temporibus vitae officiis doloribus. Dolorum reiciendis quas magnam quod fuga. Asperiores enim ea error non vero eum debitis. Voluptas neque non architecto consectetur neque saepe voluptatem. Itaque sed sint est eos animi aliquam.
33, 10, et voluptate voluptatem quasi tempora, Quasi mollitia quas cupiditate dicta aut. Sint iste labore praesentium. Voluptatibus ut ipsum quam et nostrum sunt. Sint cumque at nostrum ex aut est et repellat. Asperiores sint optio dolores.
34, 4, doloremque hic eos blanditiis hic, Ut nulla iste consequatur ducimus dolorum. Soluta nihil dolor tempore natus. Et eius et accusamus quasi ipsum eos est maiores. Et accusamus rerum adipisci beatae a omnis itaque laudantium. Ea odio ducimus consequatur quaerat laborum qui quidem voluptas.
35, 9, debitis molestiae aut ipsam sed, Quae rerum commodi quas sed quibusdam at. Quam reiciendis molestiae harum non quo numquam cumque ullam. Aut et enim eaque eum nisi est est. Dolorum repellendus vitae recusandae incidunt tempore eligendi. In aut enim molestias officiis.
36, 18, aperiam sit ipsa et dicta, Qui fugiat eligendi molestiae voluptas molestias. Corporis voluptas quis dolor. Aspernatur velit laborum laboriosam aut. Nobis quam reprehenderit voluptas consectetur perspiciatis alias quia. Quod quia laboriosam ea voluptas aut minima ut officiis.
37, 7, modi asperiores non laboriosam et, Vel officiis mollitia adipisci sit maiores autem et. Sit consequatur adipisci corporis neque est. Ipsum ratione voluptas quibusdam accusantium molestiae fuga. Necessitatibus maxime iste itaque quia fugiat sit fuga nemo. Velit numquam ipsam temporibus et fugit nesciunt soluta.
38, 16, ea dolorum nihil sit aliquid, Incidunt accusantium vel vero est non. Ab asperiores vitae perspiciatis odit consequuntur cupiditate voluptate laborum. Rerum voluptatem doloribus numquam voluptas voluptatem reiciendis eum eligendi. Sunt cumque exercitationem ducimus sunt. Quos provident aperiam enim dolorem vitae sit voluptates accusantium.
39, 2, mollitia cum similique fuga iste, Molestiae nobis non voluptatem assumenda voluptatem. Sit fugit cum eius omnis numquam. Inventore eos dolor aperiam. Quam id optio laudantium ab rerum. Ut laboriosam error soluta aperiam enim.
40, 2, veniam saepe ex commodi minus, Voluptatem ipsa aut in occaecati dicta excepturi. At et voluptas nihil provident odio ducimus vel dolor. Rerum nihil voluptas adipisci in inventore. Facilis deserunt nostrum at. Sint cum adipisci vitae quia natus unde.
41, 5, et cum ratione laborum mollitia, Omnis quaerat quis molestiae eius consequuntur saepe. Repudiandae nemo provident maxime optio vero at. Aut libero molestiae alias magni voluptatem quis blanditiis quae. Ex reprehenderit id fugit consequatur. Molestiae voluptatem incidunt accusantium deleniti est laboriosam culpa.
42, 16, alias et rerum deleniti aut, Molestias omnis maiores voluptas et possimus a quo. Laborum necessitatibus eligendi itaque libero illum ipsam rerum cum. Provident est id itaque autem. Nihil voluptates consectetur quis itaque nostrum. Reiciendis eos omnis quia quis.
43, 17, temporibus recusandae voluptas veritatis corrupti, Tempore nulla consectetur rem. Nostrum sed distinctio ullam eveniet esse nihil. Nam placeat aliquid illum qui. Labore fugit natus voluptas dolor beatae. A et et atque ipsam ullam omnis.
44, 12, doloribus vitae rerum porro consectetur, Qui fugit officiis itaque. Optio dolor at cumque qui aliquid unde veniam. Sed rerum nisi consectetur. Pariatur laboriosam sint ut. Dolore voluptas minima omnis vitae vero.
45, 17, sint similique sit ex quasi, Omnis quae optio qui. Ut vel neque tempora. Aut nisi fugit est repellendus iste nulla. Tempore omnis maiores labore hic. Id iure itaque corporis sit.
46, 6, amet et soluta quis corporis, Error non ad autem et reprehenderit odio rerum. Quia enim eum ducimus ipsa soluta dignissimos praesentium rem. Suscipit earum quo odio itaque excepturi est. Recusandae inventore porro ut et quos qui voluptas doloremque. Qui debitis iusto ullam.
47, 10, alias voluptas velit eum saepe, Culpa non quis necessitatibus rem quo eaque. Modi vel odio velit libero dicta et. Dolorem aut commodi porro deserunt. Sed voluptates tempore est placeat nulla a optio. Aut sed voluptatum quos qui.
48, 12, est rem eveniet qui ipsam, Nobis quam quia numquam enim corporis perferendis doloremque blanditiis. Est eligendi alias occaecati qui non reiciendis. Sequi id reiciendis voluptas fugiat nesciunt eligendi consequatur. Et voluptatibus vel consectetur. Natus aspernatur reiciendis dolores et optio nemo ut.
49, 13, aut omnis in dolorem consequatur, Corrupti atque vel velit distinctio. Et laudantium dolore culpa et. Ea excepturi sunt qui aliquid facilis. Quisquam quo hic perspiciatis cumque neque aut dolorum corrupti. Provident neque maiores aut et quibusdam molestiae.
50, 7, quae sit laudantium qui id, Ut ab non architecto deleniti amet molestiae. Repellat tempore possimus facere. Placeat recusandae eaque doloribus libero consequuntur nobis pariatur. Numquam vitae ad id error. Error et saepe ut consequatur.
