consequatur, sed, excepturi, consequatur.excepturi@email.com, 123456, 2020-05-18 21:22:12, 2020-05-18 21:22:12
ad, itaque, perferendis, ad.perferendis@email.com, 123456, 2020-05-19 00:33:22, 2020-05-19 00:33:22
quis, dolore, commodi, quis.commodi@email.com, 123456, 2020-05-18 23:13:28, 2020-05-18 23:13:28
voluptatem, est, sequi, voluptatem.sequi@email.com, 123456, 2020-05-18 21:41:48, 2020-05-18 21:41:48
dolorem, repellat, non, dolorem.non@email.com, 123456, 2020-05-19 00:14:39, 2020-05-19 00:14:39
ex, nesciunt, vel, ex.vel@email.com, 123456, 2020-05-19 02:34:45, 2020-05-19 02:34:45
possimus, ex, est, possimus.est@email.com, 123456, 2020-05-18 23:26:10, 2020-05-18 23:26:10
in, quo, perspiciatis, in.perspiciatis@email.com, 123456, 2020-05-19 02:45:02, 2020-05-19 02:45:02
sint, nulla, sint, sint.sint@email.com, 123456, 2020-05-19 00:27:54, 2020-05-19 00:27:54
vitae, corporis, minima, vitae.minima@email.com, 123456, 2020-05-18 22:46:58, 2020-05-18 22:46:58
odit, eum, placeat, odit.placeat@email.com, 123456, 2020-05-18 22:56:57, 2020-05-18 22:56:57
neque, nihil, ex, neque.ex@email.com, 123456, 2020-05-19 00:15:20, 2020-05-19 00:15:20
non, quia, quidem, non.quidem@email.com, 123456, 2020-05-18 23:33:10, 2020-05-18 23:33:10
quae, voluptatem, repudiandae, quae.repudiandae@email.com, 123456, 2020-05-18 23:38:21, 2020-05-18 23:38:21
aut, repellat, reiciendis, aut.reiciendis@email.com, 123456, 2020-05-19 02:04:08, 2020-05-19 02:04:08
numquam, itaque, consequuntur, numquam.consequuntur@email.com, 123456, 2020-05-19 01:20:15, 2020-05-19 01:20:15
aut, sequi, dolorem, aut.dolorem@email.com, 123456, 2020-05-18 22:35:47, 2020-05-18 22:35:47
omnis, rerum, culpa, omnis.culpa@email.com, 123456, 2020-05-19 00:49:46, 2020-05-19 00:49:46
temporibus, rem, et, temporibus.et@email.com, 123456, 2020-05-18 21:46:08, 2020-05-18 21:46:08
architecto, eligendi, aspernatur, architecto.aspernatur@email.com, 123456, 2020-05-19 00:43:02, 2020-05-19 00:43:02
