ratione, autem, voluptatibus, ratione.voluptatibus@email.com, 123456
inventore, et, quis, inventore.quis@email.com, 123456
rerum, ut, vitae, rerum.vitae@email.com, 123456
mollitia, velit, at, mollitia.at@email.com, 123456
tempore, deserunt, laboriosam, tempore.laboriosam@email.com, 123456
voluptatem, qui, autem, voluptatem.autem@email.com, 123456
dolores, et, voluptas, dolores.voluptas@email.com, 123456
velit, in, odit, velit.odit@email.com, 123456
facere, nihil, velit, facere.velit@email.com, 123456
aut, doloribus, iste, aut.iste@email.com, 123456
blanditiis, optio, blanditiis, blanditiis.blanditiis@email.com, 123456
iusto, dicta, reiciendis, iusto.reiciendis@email.com, 123456
laboriosam, molestiae, aliquid, laboriosam.aliquid@email.com, 123456
ipsa, nesciunt, repellat, ipsa.repellat@email.com, 123456
ut, soluta, tempore, ut.tempore@email.com, 123456
quisquam, consequatur, laborum, quisquam.laborum@email.com, 123456
et, pariatur, nihil, et.nihil@email.com, 123456
consequatur, blanditiis, esse, consequatur.esse@email.com, 123456
voluptatem, laborum, voluptas, voluptatem.voluptas@email.com, 123456
quia, ducimus, veritatis, quia.veritatis@email.com, 123456
